삼성전자,005930
SK하이닉스,000660
LG화학,051910
현대차,005380
삼성바이오로직스,207940
NAVER,035420
삼성SDI,006400
셀트리온,068270
카카오,035720
기아차,000270
현대모비스,012330
LG전자,066570
삼성물산,028260
SK이노베이션,096770
LG생활건강,051900
SK,034730
POSCO,005490
엔씨소프트,036570
SK텔레콤,017670
LG,003550
KB금융,105560
신한지주,055550
삼성에스디에스,018260
한국전력,015760
삼성전기,009150
삼성생명,032830
아모레퍼시픽,090430
SK바이오팜,326030
KT&G,033780
하나금융지주,086790
넷마블,251270
롯데케미칼,011170
한온시스템,018880
한화솔루션,009830
삼성화재,000810
S-Oil,010950
LG디스플레이,034220
고려아연,010130
포스코케미칼,003670
현대글로비스,086280
한국조선해양,009540
우리금융지주,316140
CJ제일제당,097950
미래에셋대우,006800
기업은행,024110
KT,030200
빅히트,352820
현대제철,004020
금호석유,011780
한국타이어앤테크놀로지,161390
대한항공,003490
아모레G,002790
한미사이언스,008930
LG유플러스,032640
코웨이,021240
신풍제약,019170
강원랜드,035250
유한양행,000100
현대건설,000720
이마트,139480
한국금융지주,071050
두산중공업,034020
녹십자,006280
LG이노텍,011070
SK케미칼,285130
오리온,271560
HMM,011200
삼성중공업,010140
한진칼,180640
한미약품,128940
SKC,011790
현대중공업지주,267250
삼성카드,029780
CJ대한통운,000120
롯데지주,004990
삼성증권,016360
두산퓨얼셀,336260
GS,078930
만도,204320
키움증권,039490
쌍용양회,003410
호텔신라,008770
GS건설,006360
CJ,001040
대웅,003090
NH투자증권,005940
두산밥캣,241560
롯데쇼핑,023530
동서,026960
에스원,012750
DB하이텍,000990
한국가스공사,036460
씨에스윈드,112610
한국항공우주,047810
대우조선해양,042660
대림산업,000210
휠라홀딩스,081660
일진머티리얼즈,020150
DB손해보험,005830
한화,000880
GS리테일,007070
현대위아,011210
BGF리테일,282330
팬오션,028670
대우건설,047040
한화생명,088350
삼성엔지니어링,028050
신세계,004170
OCI,010060
메리츠증권,008560
LS,006260
하이트진로,000080
한샘,009240
종근당,185750
현대로템,064350
제일기획,030000
녹십자홀딩스,005250
오뚜기,007310
LS ELECTRIC,010120
HDC현대산업개발,294870
한솔케미칼,014680
포스코인터내셔널,047050
한화시스템,272210
한화에어로스페이스,012450
현대해상,001450
KCC,002380
한올바이오파마,009420
BNK금융지주,138930
현대엘리베이,017800
대웅제약,069620
현대백화점,069960
현대미포조선,010620
농심,004370
두산인프라코어,042670
아이에스동서,010780
대한유화,006650
한국앤컴퍼니,000240
부광약품,003000
롯데정밀화학,004000
영원무역,111770
F&F,007700
지누스,013890
효성,004800
SK네트웍스,001740
영진약품,003520
이노션,214320
SK디스커버리,006120
한전KPS,051600
세방전지,004490
LG상사,001120
보령제약,003850
롯데칠성,005300
KG동부제철,016380
아시아나항공,020560
신세계인터내셔날,031430
더블유게임즈,192080
S&T모티브,064960
금호타이어,073240
후성,093370
코오롱인더,120110
한국콜마,161890
롯데관광개발,032350
두산,000150
쿠쿠홈시스,284740
대상,001680
태광산업,003240
현대그린푸드,005440
일양약품,007570
동원시스템즈,014820
현대홈쇼핑,057050
휴켐스,069260
롯데하이마트,071840
CJ CGV,079160
LIG넥스원,079550
GKL,114090
코스맥스,192820
영풍,000670
삼양홀딩스,000070
JW중외제약,001060
동국제강,001230
오리온홀딩스,001800
삼양식품,003230
화승엔터프라이즈,241590
한섬,020000
동원F&B,049770
풍산,103140
LG하우시스,108670
쿠쿠홀딩스,192400
HDC,012630
넥센타이어,002350
빙그레,005180
SPC삼립,005610
한일현대시멘트,006390
남선알미늄,008350
삼양사,145990
애경산업,018250
한전기술,052690
한세실업,105630
락앤락,115390
태영건설,009410
